{"status_1": 145.0, "status_2": 61.0, "status_3": 171.0, "status_4": 355.0, "status_5": 671.0, "status_6": 650.0, "status_7": 53.0, "status_8": 38.0, "total_inventory": 4562.0, "status_1_share": 0.03712820792452615, "status_2_share": 0.014272747868330106, "status_3_share": 0.05703251721006886, "status_4_share": 0.09787049409988327, "status_5_share": 0.16960029087314232, "status_6_share": 0.15073850951733325, "status_7_share": 0.010080346298366225, "status_8_share": 0.006233681017134507, "early_inventory": 609.0, "mid_inventory": 1719.0, "late_inventory": 833.0, "status_early": 609.0, "status_mid": 1719.0, "status_late": 833.0, "early_share": 0.22806126552370826, "mid_share": 0.46706070964519775, "late_share": 0.18788933438261662, "status_entropy": 0.7293103866412826, "target_2h_lag_1": 50.0, "target_2h_lag_2": 50.0, "target_2h_lag_3": 50.0, "target_2h_lag_4": 50.0, "target_2h_lag_5": 50.0, "target_2h_lag_6": 50.0, "target_2h_lag_7": 50.0, "target_2h_lag_8": 50.0, "target_2h_lag_9": 50.0, "target_2h_lag_10": 50.0, "target_2h_diff_1": 0.0, "target_2h_diff_2": 0.0, "target_2h_diff_3": 0.0, "target_2h_diff_4": 0.0, "target_2h_diff_5": 0.0, "target_2h_diff_6": 0.0, "target_2h_diff_7": 0.0, "target_2h_diff_8": 0.0, "target_2h_diff_9": 0.0, "target_2h_diff_10": 0.0, "target_2h_diff_15": 0.0, "target_2h_diff_20": 0.0, "target_2h_diff_48": 0.0, "target_2h_diff_96": 0.0, "target_2h_roll_3_mean": 50.666666666666664, "target_2h_roll_3_std": 6.557438524302005, "target_2h_roll_3_max": 61.0, "target_2h_roll_3_min": 40.0, "target_2h_roll_6_mean": 51.666666666666664, "target_2h_roll_6_std": 10.430723848324243, "target_2h_roll_6_max": 71.0, "target_2h_roll_6_min": 31.0, "target_2h_roll_12_mean": 52.75, "target_2h_roll_12_std": 13.567731325956224, "target_2h_roll_12_max": 83.0, "target_2h_roll_12_min": 25.0, "target_2h_roll_24_mean": 53.541666666666664, "target_2h_roll_24_std": 16.453491766319598, "target_2h_roll_24_max": 95.0, "target_2h_roll_24_min": 19.0, "target_2h_roll_48_mean": 53.9375, "target_2h_roll_48_std": 18.711272060650117, "target_2h_roll_48_max": 107.0, "target_2h_roll_48_min": 15.0, "target_2h_roll_96_mean": 54.010416666666664, "target_2h_roll_96_std": 19.529080318032292, "target_2h_roll_96_max": 117.0, "target_2h_roll_96_min": 12.0, "target_2h_roll_144_mean": 54.0, "target_2h_roll_144_std": 19.924734146918734, "target_2h_roll_144_max": 123.0, "target_2h_roll_144_min": 10.0, "target_2h_roll_288_mean": 53.652569146399614, "target_2h_roll_288_std": 20.552579509322563, "target_2h_roll_288_max": 133.0, "target_2h_roll_288_min": 8.0, "total_inventory_lag_1": 4562.0, "total_inventory_lag_2": 4562.0, "total_inventory_lag_3": 4563.0, "total_inventory_lag_4": 4563.0, "total_inventory_lag_5": 4563.0, "total_inventory_lag_6": 4564.0, "total_inventory_lag_7": 4565.0, "total_inventory_lag_8": 4566.0, "total_inventory_lag_9": 4566.0, "total_inventory_lag_10": 4567.0, "total_inventory_diff_1": 0.0, "total_inventory_diff_2": 0.0, "total_inventory_diff_3": 0.0, "total_inventory_diff_4": 0.0, "total_inventory_diff_5": 0.0, "total_inventory_diff_6": 0.0, "total_inventory_diff_7": 0.0, "total_inventory_diff_8": 0.0, "total_inventory_diff_9": 0.0, "total_inventory_diff_10": -1.0, "total_inventory_diff_15": -3.0, "total_inventory_diff_20": -1.0, "total_inventory_diff_48": 0.0, "total_inventory_diff_96": 2.0, "total_inventory_roll_3_mean": 4984.333333333333, "total_inventory_roll_3_std": 1483.8665146610833, "total_inventory_roll_6_mean": 5096.166666666667, "total_inventory_roll_6_std": 2109.0365256794526, "total_inventory_roll_12_mean": 5137.666666666667, "total_inventory_roll_12_std": 2531.0802363562993, "total_inventory_roll_24_mean": 5200.229166666666, "total_inventory_roll_24_std": 2784.1504919625177, "total_inventory_roll_48_mean": 5228.9375, "total_inventory_roll_48_std": 2928.639953601425, "total_inventory_roll_96_mean": 5213.630208333334, "total_inventory_roll_96_std": 2939.467253131713, "total_inventory_roll_144_mean": 5193.527777777777, "total_inventory_roll_144_std": 2945.344847472441, "total_inventory_roll_288_mean": 5157.881944444444, "total_inventory_roll_288_std": 2949.4920902639124, "status_early_lag_1": 609.0, "status_early_lag_2": 609.0, "status_early_lag_3": 609.0, "status_early_lag_4": 609.0, "status_early_lag_5": 609.0, "status_early_lag_6": 609.0, "status_early_lag_7": 610.0, "status_early_lag_8": 610.0, "status_early_lag_9": 610.0, "status_early_lag_10": 610.0, "status_early_diff_1": 0.0, "status_early_diff_2": 0.0, "status_early_diff_3": 0.0, "status_early_diff_4": 0.0, "status_early_diff_5": 0.0, "status_early_diff_6": 0.0, "status_early_diff_7": 0.0, "status_early_diff_8": 0.0, "status_early_diff_9": 0.0, "status_early_diff_10": 0.0, "status_early_diff_15": 0.0, "status_early_diff_20": 0.0, "status_early_diff_48": 0.0, "status_early_diff_96": 0.0, "status_early_roll_3_mean": 611.0, "status_early_roll_3_std": 57.13434460404207, "status_early_roll_6_mean": 613.6666666666666, "status_early_roll_6_std": 88.58762140765776, "status_early_roll_12_mean": 618.3333333333334, "status_early_roll_12_std": 141.44058608867556, "status_early_roll_24_mean": 614.8333333333334, "status_early_roll_24_std": 228.6611374042069, "status_early_roll_48_mean": 613.3958333333334, "status_early_roll_48_std": 287.3777426603805, "status_early_roll_96_mean": 614.875, "status_early_roll_96_std": 288.6545713595769, "status_early_roll_144_mean": 614.4270833333333, "status_early_roll_144_std": 289.2979444287113, "status_early_roll_288_mean": 613.2094298245614, "status_early_roll_288_std": 288.91692122354095, "status_mid_lag_1": 1719.0, "status_mid_lag_2": 1719.0, "status_mid_lag_3": 1719.0, "status_mid_lag_4": 1720.0, "status_mid_lag_5": 1720.0, "status_mid_lag_6": 1721.0, "status_mid_lag_7": 1721.0, "status_mid_lag_8": 1721.0, "status_mid_lag_9": 1721.0, "status_mid_lag_10": 1722.0, "status_mid_diff_1": 0.0, "status_mid_diff_2": 0.0, "status_mid_diff_3": 0.0, "status_mid_diff_4": 0.0, "status_mid_diff_5": 0.0, "status_mid_diff_6": 0.0, "status_mid_diff_7": -1.0, "status_mid_diff_8": -1.0, "status_mid_diff_9": -2.0, "status_mid_diff_10": -3.0, "status_mid_diff_15": -5.0, "status_mid_diff_20": -2.0, "status_mid_diff_48": 0.0, "status_mid_diff_96": 1.0, "status_mid_roll_3_mean": 1726.3333333333333, "status_mid_roll_3_std": 351.2990179320192, "status_mid_roll_6_mean": 1731.3333333333333, "status_mid_roll_6_std": 437.0448870917593, "status_mid_roll_12_mean": 1742.0833333333333, "status_mid_roll_12_std": 498.01186169993457, "status_mid_roll_24_mean": 1759.8049242424242, "status_mid_roll_24_std": 562.1674250328615, "status_mid_roll_48_mean": 1773.6666666666667, "status_mid_roll_48_std": 609.8308850271319, "status_mid_roll_96_mean": 1765.6354166666667, "status_mid_roll_96_std": 620.4094664255776, "status_mid_roll_144_mean": 1757.5902777777778, "status_mid_roll_144_std": 625.6047484102787, "status_mid_roll_288_mean": 1731.0, "status_mid_roll_288_std": 632.51614709767, "status_late_lag_1": 834.0, "status_late_lag_2": 834.0, "status_late_lag_3": 834.0, "status_late_lag_4": 834.0, "status_late_lag_5": 834.0, "status_late_lag_6": 833.5, "status_late_lag_7": 833.0, "status_late_lag_8": 834.0, "status_late_lag_9": 834.0, "status_late_lag_10": 834.0, "status_late_diff_1": 0.0, "status_late_diff_2": 0.0, "status_late_diff_3": 0.0, "status_late_diff_4": 0.0, "status_late_diff_5": 0.0, "status_late_diff_6": 0.0, "status_late_diff_7": 0.0, "status_late_diff_8": 0.0, "status_late_diff_9": 0.0, "status_late_diff_10": 0.0, "status_late_diff_15": 0.0, "status_late_diff_20": 0.0, "status_late_diff_48": 0.0, "status_late_diff_96": 0.0, "status_late_roll_3_mean": 1484.6666666666667, "status_late_roll_3_std": 1334.0324833603056, "status_late_roll_6_mean": 1734.8333333333333, "status_late_roll_6_std": 1944.1746492187622, "status_late_roll_12_mean": 1821.875, "status_late_roll_12_std": 2309.594057033281, "status_late_roll_24_mean": 1833.4583333333333, "status_late_roll_24_std": 2411.9532772024977,